{
  "A": [
    [
      0.0,
      1.0,
      0.0
    ],
    [
      0.0,
      0.0,
      1.0
    ],
    [
      0.0,
      0.0,
      1.0
    ]
  ],
  "min_bibc_slack_0": 0.040006777081216555,
  "min_bibc_slack_1": 0.04000677708121654,
  "min_bibc_slack_2": 6.777081216532976e-06,
  "min_vbc_slack_1": 0.040006777081216555,
  "min_vbc_slack_2": 0.04000677708121654,
  "min_vbc_slack_3": 6.777081216532976e-06
}