system,formulation,degree,num_functions,success,epsilon,runtime_sec
S1,Forward DT-VBC,2,2,True,1.75,0.013152599334716797
S1,Backward DT-VBC,2,2,True,2.0,0.00974893569946289
S1,Forward IBC,2,3,True,2.0,0.013152599334716797
S1,Backward IBC,2,3,True,2.0,0.01566624641418457
S2,Forward DT-VBC,2,2,True,0.6481481481481481,0.010316848754882812
S2,Backward DT-VBC,2,2,True,1.1375,0.011712312698364258
S2,Forward IBC,2,3,True,1.1375000000000002,0.012670516967773438
S2,Backward IBC,2,3,True,1.1375,0.015425682067871094
