system,formulation,degree,num_functions,success,epsilon,runtime_sec
S1,Forward DT-VBC,2,2,True,1.75,0.059973716735839844
S1,Backward DT-VBC,2,2,True,2.0,0.01872563362121582
S1,Forward IBC,2,3,True,2.0,0.017412185668945312
S1,Backward IBC,2,3,True,2.0,0.016252517700195312
S2,Forward DT-VBC,2,2,True,0.6481481481481481,0.013303041458129883
S2,Backward DT-VBC,2,2,True,1.1375,0.012928247451782227
S2,Forward IBC,2,3,True,1.1375000000000002,0.018198251724243164
S2,Backward IBC,2,3,True,1.1375,0.016918659210205078
