system,formulation,degree,num_functions,success,epsilon,runtime_sec
S1,Forward DT-VBC,2,2,True,1.75,0.013020515441894531
S1,Backward DT-VBC,2,2,True,2.0,0.00919485092163086
S1,Forward IBC,2,3,True,2.0,0.013641119003295898
S1,Backward IBC,2,3,True,2.0,0.011671781539916992
S2,Forward DT-VBC,2,2,True,0.6481481481481481,0.011136293411254883
S2,Backward DT-VBC,2,2,True,1.1375,0.008593320846557617
S2,Forward IBC,2,3,True,1.1375000000000002,0.01237344741821289
S2,Backward IBC,2,3,True,1.1375,0.012261152267456055
