{
  "S1": {
    "Forward DT-VBC": {
      "formulation": "Forward DT-VBC",
      "degree": 2,
      "m": 2,
      "A": [
        [
          0.9,
          0.0
        ],
        [
          0.0,
          0.9
        ]
      ],
      "solver": "SCS",
      "status": "optimal_inaccurate",
      "objective": 6.204616439555058e-05,
      "epsilon": 6.204616439555058e-05,
      "coefficients": {
        "fwdB0_0": -10580.247563903076,
        "fwdB0_1": 7593.5346538675685,
        "fwdB0_2": 301.31228526595896,
        "fwdB0_3": 2400.8411050524574,
        "fwdB0_4": 1138.8344110425821,
        "fwdB0_5": -122.67195612547441,
        "fwdB1_0": 0.0,
        "fwdB1_1": 0.0,
        "fwdB1_2": 0.0,
        "fwdB1_3": 0.0,
        "fwdB1_4": 0.0,
        "fwdB1_5": 0.0
      },
      "runtime_sec": 7.737405300140381,
      "system": "S1"
    },
    "Backward DT-VBC": {
      "formulation": "Backward DT-VBC",
      "degree": 2,
      "m": 2,
      "A": [
        [
          1.1,
          0.0
        ],
        [
          0.0,
          1.1
        ]
      ],
      "solver": "SCS",
      "status": "optimal_inaccurate",
      "objective": 0.0,
      "epsilon": 0.0,
      "coefficients": {
        "bwdB0_0": 554920.0862234448,
        "bwdB0_1": -348385.3270479044,
        "bwdB0_2": -39235.079353633824,
        "bwdB0_3": -122893.16670844555,
        "bwdB0_4": -68555.04611804073,
        "bwdB0_5": -10937.335211270049,
        "bwdB1_0": 0.0,
        "bwdB1_1": 0.0,
        "bwdB1_2": 0.0,
        "bwdB1_3": 0.0,
        "bwdB1_4": 0.0,
        "bwdB1_5": 0.0
      },
      "runtime_sec": 7.709449768066406,
      "system": "S1"
    },
    "Forward IBC": {
      "formulation": "Forward IBC",
      "degree": 2,
      "k": 2,
      "lambdas": [
        0.8,
        0.8,
        0.8
      ],
      "solver": "SCS",
      "status": "optimal_inaccurate",
      "objective": 0.0,
      "epsilon": 0.0,
      "coefficients": {
        "fibc0_0": -0.015061164254238172,
        "fibc0_1": 0.015555815733959628,
        "fibc0_2": 0.015330817235832421,
        "fibc0_3": -0.002359195910315769,
        "fibc0_4": -0.012085424307234515,
        "fibc0_5": -0.002308140708538302,
        "fibc1_0": 0.0004233076051178398,
        "fibc1_1": 0.00034423296860421217,
        "fibc1_2": 0.0001724126937923999,
        "fibc1_3": -0.0001183849343687548,
        "fibc1_4": 6.870087907688894e-05,
        "fibc1_5": -0.00018831999531100817,
        "fibc2_0": 0.0006310015343595548,
        "fibc2_1": 0.0005942109366275588,
        "fibc2_2": 0.0004253066033297949,
        "fibc2_3": -0.00015923622397208544,
        "fibc2_4": -2.5585893513551633e-05,
        "fibc2_5": -0.00022163720603954315
      },
      "runtime_sec": 15.745585441589355,
      "system": "S1"
    },
    "Backward IBC": {
      "formulation": "Backward IBC",
      "degree": 2,
      "k": 2,
      "lambdas": [
        1.2,
        1.2,
        1.2
      ],
      "solver": "SCS",
      "status": "optimal_inaccurate",
      "objective": 0.0,
      "epsilon": 0.0,
      "coefficients": {
        "bibc0_0": 7.728067281451506,
        "bibc0_1": -0.004532513934287555,
        "bibc0_2": -0.015715422289784342,
        "bibc0_3": -100.10813685529426,
        "bibc0_4": -2.780832225249617,
        "bibc0_5": -94.03614455373571,
        "bibc1_0": 8.78614458923627,
        "bibc1_1": -0.0030603273201009426,
        "bibc1_2": -0.006642959329613343,
        "bibc1_3": -28.839947626736066,
        "bibc1_4": 1.4395658774389009,
        "bibc1_5": -17.945161373998328,
        "bibc2_0": 10.137206546256042,
        "bibc2_1": -0.0011783345360798353,
        "bibc2_2": -0.0028764344341262577,
        "bibc2_3": 1.0490555752719337,
        "bibc2_4": -8.438050214734771e-05,
        "bibc2_5": 1.1739882024512114
      },
      "runtime_sec": 16.250483751296997,
      "system": "S1"
    }
  },
  "S2": {
    "Forward DT-VBC": {
      "formulation": "Forward DT-VBC",
      "degree": 2,
      "m": 2,
      "A": [
        [
          0.8,
          0.0
        ],
        [
          0.0,
          0.8
        ]
      ],
      "solver": "SCS",
      "status": "optimal_inaccurate",
      "objective": 390.3323675672819,
      "epsilon": 390.3323675672819,
      "coefficients": {
        "fwdB0_0": -121721512080.7192,
        "fwdB0_1": 62096305552.63904,
        "fwdB0_2": 146577732329.60178,
        "fwdB0_3": -43640346239.01766,
        "fwdB0_4": 27176527392.358208,
        "fwdB0_5": 138248433552.233,
        "fwdB1_0": 0.0,
        "fwdB1_1": 0.0,
        "fwdB1_2": 0.0,
        "fwdB1_3": 0.0,
        "fwdB1_4": 0.0,
        "fwdB1_5": 0.0
      },
      "runtime_sec": 8.04052448272705,
      "system": "S2"
    },
    "Backward DT-VBC": {
      "formulation": "Backward DT-VBC",
      "degree": 2,
      "m": 2,
      "A": [
        [
          1.0,
          0.0
        ],
        [
          0.0,
          1.0
        ]
      ],
      "solver": "SCS",
      "status": "unbounded_inaccurate",
      "objective": Infinity,
      "epsilon": null,
      "coefficients": {},
      "runtime_sec": 7.707223892211914,
      "system": "S2"
    },
    "Forward IBC": {
      "formulation": "Forward IBC",
      "degree": 2,
      "k": 2,
      "lambdas": [
        1.0,
        1.0,
        1.0
      ],
      "solver": "SCS",
      "status": "optimal_inaccurate",
      "objective": 19540.35341832862,
      "epsilon": 19540.35341832862,
      "coefficients": {
        "fibc0_0": -60178956731.07411,
        "fibc0_1": 62827804220.25687,
        "fibc0_2": 7151013830.783068,
        "fibc0_3": 101531650249.80254,
        "fibc0_4": 49369043832.670876,
        "fibc0_5": -15883318663.650726,
        "fibc1_0": -54839708365.50457,
        "fibc1_1": -281736023.02668417,
        "fibc1_2": 6016609594.379374,
        "fibc1_3": 815910155243.9093,
        "fibc1_4": 2239086430.961763,
        "fibc1_5": -4158944227.8808827,
        "fibc2_0": 1124537905678.6072,
        "fibc2_1": -9634.042224935843,
        "fibc2_2": -2855.977259231064,
        "fibc2_3": -1935.8493064259546,
        "fibc2_4": -358.2229679422055,
        "fibc2_5": 2523.7101645604644
      },
      "runtime_sec": 16.92245078086853,
      "system": "S2"
    },
    "Backward IBC": {
      "formulation": "Backward IBC",
      "degree": 2,
      "k": 2,
      "lambdas": [
        1.2,
        1.2,
        1.2
      ],
      "solver": "SCS",
      "status": "optimal_inaccurate",
      "objective": 0.0,
      "epsilon": 0.0,
      "coefficients": {
        "bibc0_0": 9.875998507366934e-05,
        "bibc0_1": -9.578569506499657e-07,
        "bibc0_2": -1.649235457609412e-06,
        "bibc0_3": -0.0009280982519331272,
        "bibc0_4": -0.002308897584947838,
        "bibc0_5": -0.0009643495814690331,
        "bibc1_0": 0.0001399851087594441,
        "bibc1_1": -1.9906076462373065e-06,
        "bibc1_2": 3.613555133696764e-06,
        "bibc1_3": 0.010322653867931113,
        "bibc1_4": -0.19508589329847284,
        "bibc1_5": 1.8397011127439604,
        "bibc2_0": 0.0001678549545779911,
        "bibc2_1": -3.1478203248089624e-06,
        "bibc2_2": 1.9024086399596803e-05,
        "bibc2_3": 0.012797203952738298,
        "bibc2_4": -0.19032990548323916,
        "bibc2_5": 1.669663802967002
      },
      "runtime_sec": 35.87156939506531,
      "system": "S2"
    }
  }
}